,not recommend url
0,http://www.yelp.com/not_recommended_reviews/j%C5%AB-ni-san-francisco-5?not_recommended_start=0
1,http://www.yelp.com/not_recommended_reviews/j%C5%AB-ni-san-francisco-5?not_recommended_start=10
2,http://www.yelp.com/not_recommended_reviews/j%C5%AB-ni-san-francisco-5?not_recommended_start=20
3,http://www.yelp.com/not_recommended_reviews/j%C5%AB-ni-san-francisco-5?not_recommended_start=30
4,http://www.yelp.com/not_recommended_reviews/j%C5%AB-ni-san-francisco-5?not_recommended_start=40
5,http://www.yelp.com/not_recommended_reviews/j%C5%AB-ni-san-francisco-5?not_recommended_start=50
6,http://www.yelp.com/not_recommended_reviews/j%C5%AB-ni-san-francisco-5?not_recommended_start=60
7,http://www.yelp.com/not_recommended_reviews/j%C5%AB-ni-san-francisco-5?not_recommended_start=70
8,http://www.yelp.com/not_recommended_reviews/j%C5%AB-ni-san-francisco-5?not_recommended_start=80
9,http://www.yelp.com/not_recommended_reviews/j%C5%AB-ni-san-francisco-5?not_recommended_start=90
10,http://www.yelp.com/not_recommended_reviews/the-fine-mousse-san-francisco?not_recommended_start=0
11,http://www.yelp.com/not_recommended_reviews/the-fine-mousse-san-francisco?not_recommended_start=10
12,http://www.yelp.com/not_recommended_reviews/the-fine-mousse-san-francisco?not_recommended_start=20
13,http://www.yelp.com/not_recommended_reviews/the-fine-mousse-san-francisco?not_recommended_start=30
14,http://www.yelp.com/not_recommended_reviews/the-fine-mousse-san-francisco?not_recommended_start=40
15,http://www.yelp.com/not_recommended_reviews/the-fine-mousse-san-francisco?not_recommended_start=50
16,http://www.yelp.com/not_recommended_reviews/the-fine-mousse-san-francisco?not_recommended_start=60
17,http://www.yelp.com/not_recommended_reviews/the-fine-mousse-san-francisco?not_recommended_start=70
18,http://www.yelp.com/not_recommended_reviews/the-fine-mousse-san-francisco?not_recommended_start=80
19,http://www.yelp.com/not_recommended_reviews/the-fine-mousse-san-francisco?not_recommended_start=90
20,http://www.yelp.com/not_recommended_reviews/starboard-sf-san-francisco?not_recommended_start=0
21,http://www.yelp.com/not_recommended_reviews/starboard-sf-san-francisco?not_recommended_start=10
22,http://www.yelp.com/not_recommended_reviews/starboard-sf-san-francisco?not_recommended_start=20
23,http://www.yelp.com/not_recommended_reviews/starboard-sf-san-francisco?not_recommended_start=30
24,http://www.yelp.com/not_recommended_reviews/starboard-sf-san-francisco?not_recommended_start=40
25,http://www.yelp.com/not_recommended_reviews/starboard-sf-san-francisco?not_recommended_start=50
26,http://www.yelp.com/not_recommended_reviews/starboard-sf-san-francisco?not_recommended_start=60
27,http://www.yelp.com/not_recommended_reviews/starboard-sf-san-francisco?not_recommended_start=70
28,http://www.yelp.com/not_recommended_reviews/starboard-sf-san-francisco?not_recommended_start=80
29,http://www.yelp.com/not_recommended_reviews/starboard-sf-san-francisco?not_recommended_start=90
30,http://www.yelp.com/not_recommended_reviews/brasserie-saint-james-san-francisco-2?not_recommended_start=0
31,http://www.yelp.com/not_recommended_reviews/brasserie-saint-james-san-francisco-2?not_recommended_start=10
32,http://www.yelp.com/not_recommended_reviews/brasserie-saint-james-san-francisco-2?not_recommended_start=20
33,http://www.yelp.com/not_recommended_reviews/brasserie-saint-james-san-francisco-2?not_recommended_start=30
34,http://www.yelp.com/not_recommended_reviews/brasserie-saint-james-san-francisco-2?not_recommended_start=40
35,http://www.yelp.com/not_recommended_reviews/brasserie-saint-james-san-francisco-2?not_recommended_start=50
36,http://www.yelp.com/not_recommended_reviews/brasserie-saint-james-san-francisco-2?not_recommended_start=60
37,http://www.yelp.com/not_recommended_reviews/brasserie-saint-james-san-francisco-2?not_recommended_start=70
38,http://www.yelp.com/not_recommended_reviews/brasserie-saint-james-san-francisco-2?not_recommended_start=80
39,http://www.yelp.com/not_recommended_reviews/brasserie-saint-james-san-francisco-2?not_recommended_start=90
40,http://www.yelp.com/not_recommended_reviews/matador-san-francisco-2?not_recommended_start=0
41,http://www.yelp.com/not_recommended_reviews/matador-san-francisco-2?not_recommended_start=10
42,http://www.yelp.com/not_recommended_reviews/matador-san-francisco-2?not_recommended_start=20
43,http://www.yelp.com/not_recommended_reviews/matador-san-francisco-2?not_recommended_start=30
44,http://www.yelp.com/not_recommended_reviews/matador-san-francisco-2?not_recommended_start=40
45,http://www.yelp.com/not_recommended_reviews/matador-san-francisco-2?not_recommended_start=50
46,http://www.yelp.com/not_recommended_reviews/matador-san-francisco-2?not_recommended_start=60
47,http://www.yelp.com/not_recommended_reviews/matador-san-francisco-2?not_recommended_start=70
48,http://www.yelp.com/not_recommended_reviews/matador-san-francisco-2?not_recommended_start=80
49,http://www.yelp.com/not_recommended_reviews/matador-san-francisco-2?not_recommended_start=90
50,http://www.yelp.com/not_recommended_reviews/gold-dust-lounge-san-francisco-3?not_recommended_start=0
51,http://www.yelp.com/not_recommended_reviews/gold-dust-lounge-san-francisco-3?not_recommended_start=10
52,http://www.yelp.com/not_recommended_reviews/gold-dust-lounge-san-francisco-3?not_recommended_start=20
53,http://www.yelp.com/not_recommended_reviews/gold-dust-lounge-san-francisco-3?not_recommended_start=30
54,http://www.yelp.com/not_recommended_reviews/gold-dust-lounge-san-francisco-3?not_recommended_start=40
55,http://www.yelp.com/not_recommended_reviews/gold-dust-lounge-san-francisco-3?not_recommended_start=50
56,http://www.yelp.com/not_recommended_reviews/gold-dust-lounge-san-francisco-3?not_recommended_start=60
57,http://www.yelp.com/not_recommended_reviews/gold-dust-lounge-san-francisco-3?not_recommended_start=70
58,http://www.yelp.com/not_recommended_reviews/gold-dust-lounge-san-francisco-3?not_recommended_start=80
59,http://www.yelp.com/not_recommended_reviews/gold-dust-lounge-san-francisco-3?not_recommended_start=90
60,http://www.yelp.com/not_recommended_reviews/hogwash-san-francisco?not_recommended_start=0
61,http://www.yelp.com/not_recommended_reviews/hogwash-san-francisco?not_recommended_start=10
62,http://www.yelp.com/not_recommended_reviews/hogwash-san-francisco?not_recommended_start=20
63,http://www.yelp.com/not_recommended_reviews/hogwash-san-francisco?not_recommended_start=30
64,http://www.yelp.com/not_recommended_reviews/hogwash-san-francisco?not_recommended_start=40
65,http://www.yelp.com/not_recommended_reviews/hogwash-san-francisco?not_recommended_start=50
66,http://www.yelp.com/not_recommended_reviews/hogwash-san-francisco?not_recommended_start=60
67,http://www.yelp.com/not_recommended_reviews/hogwash-san-francisco?not_recommended_start=70
68,http://www.yelp.com/not_recommended_reviews/hogwash-san-francisco?not_recommended_start=80
69,http://www.yelp.com/not_recommended_reviews/hogwash-san-francisco?not_recommended_start=90
70,http://www.yelp.com/not_recommended_reviews/the-house-san-francisco?not_recommended_start=0
71,http://www.yelp.com/not_recommended_reviews/the-house-san-francisco?not_recommended_start=10
72,http://www.yelp.com/not_recommended_reviews/the-house-san-francisco?not_recommended_start=20
73,http://www.yelp.com/not_recommended_reviews/the-house-san-francisco?not_recommended_start=30
74,http://www.yelp.com/not_recommended_reviews/the-house-san-francisco?not_recommended_start=40
75,http://www.yelp.com/not_recommended_reviews/the-house-san-francisco?not_recommended_start=50
76,http://www.yelp.com/not_recommended_reviews/the-house-san-francisco?not_recommended_start=60
77,http://www.yelp.com/not_recommended_reviews/the-house-san-francisco?not_recommended_start=70
78,http://www.yelp.com/not_recommended_reviews/the-house-san-francisco?not_recommended_start=80
79,http://www.yelp.com/not_recommended_reviews/the-house-san-francisco?not_recommended_start=90
80,http://www.yelp.com/not_recommended_reviews/the-spice-jar-san-francisco?not_recommended_start=0
81,http://www.yelp.com/not_recommended_reviews/the-spice-jar-san-francisco?not_recommended_start=10
82,http://www.yelp.com/not_recommended_reviews/the-spice-jar-san-francisco?not_recommended_start=20
83,http://www.yelp.com/not_recommended_reviews/the-spice-jar-san-francisco?not_recommended_start=30
84,http://www.yelp.com/not_recommended_reviews/the-spice-jar-san-francisco?not_recommended_start=40
85,http://www.yelp.com/not_recommended_reviews/the-spice-jar-san-francisco?not_recommended_start=50
86,http://www.yelp.com/not_recommended_reviews/the-spice-jar-san-francisco?not_recommended_start=60
87,http://www.yelp.com/not_recommended_reviews/the-spice-jar-san-francisco?not_recommended_start=70
88,http://www.yelp.com/not_recommended_reviews/the-spice-jar-san-francisco?not_recommended_start=80
89,http://www.yelp.com/not_recommended_reviews/the-spice-jar-san-francisco?not_recommended_start=90
90,http://www.yelp.com/not_recommended_reviews/marlowe-san-francisco-2?not_recommended_start=0
91,http://www.yelp.com/not_recommended_reviews/marlowe-san-francisco-2?not_recommended_start=10
92,http://www.yelp.com/not_recommended_reviews/marlowe-san-francisco-2?not_recommended_start=20
93,http://www.yelp.com/not_recommended_reviews/marlowe-san-francisco-2?not_recommended_start=30
94,http://www.yelp.com/not_recommended_reviews/marlowe-san-francisco-2?not_recommended_start=40
95,http://www.yelp.com/not_recommended_reviews/marlowe-san-francisco-2?not_recommended_start=50
96,http://www.yelp.com/not_recommended_reviews/marlowe-san-francisco-2?not_recommended_start=60
97,http://www.yelp.com/not_recommended_reviews/marlowe-san-francisco-2?not_recommended_start=70
98,http://www.yelp.com/not_recommended_reviews/marlowe-san-francisco-2?not_recommended_start=80
99,http://www.yelp.com/not_recommended_reviews/marlowe-san-francisco-2?not_recommended_start=90
100,http://www.yelp.com/not_recommended_reviews/the-codmother-fish-and-chips-san-francisco?not_recommended_start=0
101,http://www.yelp.com/not_recommended_reviews/the-codmother-fish-and-chips-san-francisco?not_recommended_start=10
102,http://www.yelp.com/not_recommended_reviews/the-codmother-fish-and-chips-san-francisco?not_recommended_start=20
103,http://www.yelp.com/not_recommended_reviews/the-codmother-fish-and-chips-san-francisco?not_recommended_start=30
104,http://www.yelp.com/not_recommended_reviews/the-codmother-fish-and-chips-san-francisco?not_recommended_start=40
105,http://www.yelp.com/not_recommended_reviews/the-codmother-fish-and-chips-san-francisco?not_recommended_start=50
106,http://www.yelp.com/not_recommended_reviews/the-codmother-fish-and-chips-san-francisco?not_recommended_start=60
107,http://www.yelp.com/not_recommended_reviews/the-codmother-fish-and-chips-san-francisco?not_recommended_start=70
108,http://www.yelp.com/not_recommended_reviews/the-codmother-fish-and-chips-san-francisco?not_recommended_start=80
109,http://www.yelp.com/not_recommended_reviews/the-codmother-fish-and-chips-san-francisco?not_recommended_start=90
110,http://www.yelp.com/not_recommended_reviews/chez-maman-san-francisco-9?not_recommended_start=0
111,http://www.yelp.com/not_recommended_reviews/chez-maman-san-francisco-9?not_recommended_start=10
112,http://www.yelp.com/not_recommended_reviews/chez-maman-san-francisco-9?not_recommended_start=20
113,http://www.yelp.com/not_recommended_reviews/chez-maman-san-francisco-9?not_recommended_start=30
114,http://www.yelp.com/not_recommended_reviews/chez-maman-san-francisco-9?not_recommended_start=40
115,http://www.yelp.com/not_recommended_reviews/chez-maman-san-francisco-9?not_recommended_start=50
116,http://www.yelp.com/not_recommended_reviews/chez-maman-san-francisco-9?not_recommended_start=60
117,http://www.yelp.com/not_recommended_reviews/chez-maman-san-francisco-9?not_recommended_start=70
118,http://www.yelp.com/not_recommended_reviews/chez-maman-san-francisco-9?not_recommended_start=80
119,http://www.yelp.com/not_recommended_reviews/chez-maman-san-francisco-9?not_recommended_start=90
120,http://www.yelp.com/not_recommended_reviews/the-chairman-san-francisco-2?not_recommended_start=0
121,http://www.yelp.com/not_recommended_reviews/the-chairman-san-francisco-2?not_recommended_start=10
122,http://www.yelp.com/not_recommended_reviews/the-chairman-san-francisco-2?not_recommended_start=20
123,http://www.yelp.com/not_recommended_reviews/the-chairman-san-francisco-2?not_recommended_start=30
124,http://www.yelp.com/not_recommended_reviews/the-chairman-san-francisco-2?not_recommended_start=40
125,http://www.yelp.com/not_recommended_reviews/the-chairman-san-francisco-2?not_recommended_start=50
126,http://www.yelp.com/not_recommended_reviews/the-chairman-san-francisco-2?not_recommended_start=60
127,http://www.yelp.com/not_recommended_reviews/the-chairman-san-francisco-2?not_recommended_start=70
128,http://www.yelp.com/not_recommended_reviews/the-chairman-san-francisco-2?not_recommended_start=80
129,http://www.yelp.com/not_recommended_reviews/the-chairman-san-francisco-2?not_recommended_start=90
130,http://www.yelp.com/not_recommended_reviews/so-san-francisco-4?not_recommended_start=0
131,http://www.yelp.com/not_recommended_reviews/so-san-francisco-4?not_recommended_start=10
132,http://www.yelp.com/not_recommended_reviews/so-san-francisco-4?not_recommended_start=20
133,http://www.yelp.com/not_recommended_reviews/so-san-francisco-4?not_recommended_start=30
134,http://www.yelp.com/not_recommended_reviews/so-san-francisco-4?not_recommended_start=40
135,http://www.yelp.com/not_recommended_reviews/so-san-francisco-4?not_recommended_start=50
136,http://www.yelp.com/not_recommended_reviews/so-san-francisco-4?not_recommended_start=60
137,http://www.yelp.com/not_recommended_reviews/so-san-francisco-4?not_recommended_start=70
138,http://www.yelp.com/not_recommended_reviews/so-san-francisco-4?not_recommended_start=80
139,http://www.yelp.com/not_recommended_reviews/so-san-francisco-4?not_recommended_start=90
140,http://www.yelp.com/not_recommended_reviews/fog-harbor-fish-house-san-francisco-2?not_recommended_start=0
141,http://www.yelp.com/not_recommended_reviews/fog-harbor-fish-house-san-francisco-2?not_recommended_start=10
142,http://www.yelp.com/not_recommended_reviews/fog-harbor-fish-house-san-francisco-2?not_recommended_start=20
143,http://www.yelp.com/not_recommended_reviews/fog-harbor-fish-house-san-francisco-2?not_recommended_start=30
144,http://www.yelp.com/not_recommended_reviews/fog-harbor-fish-house-san-francisco-2?not_recommended_start=40
145,http://www.yelp.com/not_recommended_reviews/fog-harbor-fish-house-san-francisco-2?not_recommended_start=50
146,http://www.yelp.com/not_recommended_reviews/fog-harbor-fish-house-san-francisco-2?not_recommended_start=60
147,http://www.yelp.com/not_recommended_reviews/fog-harbor-fish-house-san-francisco-2?not_recommended_start=70
148,http://www.yelp.com/not_recommended_reviews/fog-harbor-fish-house-san-francisco-2?not_recommended_start=80
149,http://www.yelp.com/not_recommended_reviews/fog-harbor-fish-house-san-francisco-2?not_recommended_start=90
150,http://www.yelp.com/not_recommended_reviews/rove-kitchen-san-francisco?not_recommended_start=0
151,http://www.yelp.com/not_recommended_reviews/rove-kitchen-san-francisco?not_recommended_start=10
152,http://www.yelp.com/not_recommended_reviews/rove-kitchen-san-francisco?not_recommended_start=20
153,http://www.yelp.com/not_recommended_reviews/rove-kitchen-san-francisco?not_recommended_start=30
154,http://www.yelp.com/not_recommended_reviews/rove-kitchen-san-francisco?not_recommended_start=40
155,http://www.yelp.com/not_recommended_reviews/rove-kitchen-san-francisco?not_recommended_start=50
156,http://www.yelp.com/not_recommended_reviews/rove-kitchen-san-francisco?not_recommended_start=60
157,http://www.yelp.com/not_recommended_reviews/rove-kitchen-san-francisco?not_recommended_start=70
158,http://www.yelp.com/not_recommended_reviews/rove-kitchen-san-francisco?not_recommended_start=80
159,http://www.yelp.com/not_recommended_reviews/rove-kitchen-san-francisco?not_recommended_start=90
160,http://www.yelp.com/not_recommended_reviews/state-bird-provisions-san-francisco?not_recommended_start=0
161,http://www.yelp.com/not_recommended_reviews/state-bird-provisions-san-francisco?not_recommended_start=10
162,http://www.yelp.com/not_recommended_reviews/state-bird-provisions-san-francisco?not_recommended_start=20
163,http://www.yelp.com/not_recommended_reviews/state-bird-provisions-san-francisco?not_recommended_start=30
164,http://www.yelp.com/not_recommended_reviews/state-bird-provisions-san-francisco?not_recommended_start=40
165,http://www.yelp.com/not_recommended_reviews/state-bird-provisions-san-francisco?not_recommended_start=50
166,http://www.yelp.com/not_recommended_reviews/state-bird-provisions-san-francisco?not_recommended_start=60
167,http://www.yelp.com/not_recommended_reviews/state-bird-provisions-san-francisco?not_recommended_start=70
168,http://www.yelp.com/not_recommended_reviews/state-bird-provisions-san-francisco?not_recommended_start=80
169,http://www.yelp.com/not_recommended_reviews/state-bird-provisions-san-francisco?not_recommended_start=90
170,http://www.yelp.com/not_recommended_reviews/gary-danko-san-francisco?not_recommended_start=0
171,http://www.yelp.com/not_recommended_reviews/gary-danko-san-francisco?not_recommended_start=10
172,http://www.yelp.com/not_recommended_reviews/gary-danko-san-francisco?not_recommended_start=20
173,http://www.yelp.com/not_recommended_reviews/gary-danko-san-francisco?not_recommended_start=30
174,http://www.yelp.com/not_recommended_reviews/gary-danko-san-francisco?not_recommended_start=40
175,http://www.yelp.com/not_recommended_reviews/gary-danko-san-francisco?not_recommended_start=50
176,http://www.yelp.com/not_recommended_reviews/gary-danko-san-francisco?not_recommended_start=60
177,http://www.yelp.com/not_recommended_reviews/gary-danko-san-francisco?not_recommended_start=70
178,http://www.yelp.com/not_recommended_reviews/gary-danko-san-francisco?not_recommended_start=80
179,http://www.yelp.com/not_recommended_reviews/gary-danko-san-francisco?not_recommended_start=90
180,http://www.yelp.com/not_recommended_reviews/causwells-san-francisco-5?not_recommended_start=0
181,http://www.yelp.com/not_recommended_reviews/causwells-san-francisco-5?not_recommended_start=10
182,http://www.yelp.com/not_recommended_reviews/causwells-san-francisco-5?not_recommended_start=20
183,http://www.yelp.com/not_recommended_reviews/causwells-san-francisco-5?not_recommended_start=30
184,http://www.yelp.com/not_recommended_reviews/causwells-san-francisco-5?not_recommended_start=40
185,http://www.yelp.com/not_recommended_reviews/causwells-san-francisco-5?not_recommended_start=50
186,http://www.yelp.com/not_recommended_reviews/causwells-san-francisco-5?not_recommended_start=60
187,http://www.yelp.com/not_recommended_reviews/causwells-san-francisco-5?not_recommended_start=70
188,http://www.yelp.com/not_recommended_reviews/causwells-san-francisco-5?not_recommended_start=80
189,http://www.yelp.com/not_recommended_reviews/causwells-san-francisco-5?not_recommended_start=90
190,http://www.yelp.com/not_recommended_reviews/la-fusi%C3%B3n-san-francisco-2?not_recommended_start=0
191,http://www.yelp.com/not_recommended_reviews/la-fusi%C3%B3n-san-francisco-2?not_recommended_start=10
192,http://www.yelp.com/not_recommended_reviews/la-fusi%C3%B3n-san-francisco-2?not_recommended_start=20
193,http://www.yelp.com/not_recommended_reviews/la-fusi%C3%B3n-san-francisco-2?not_recommended_start=30
194,http://www.yelp.com/not_recommended_reviews/la-fusi%C3%B3n-san-francisco-2?not_recommended_start=40
195,http://www.yelp.com/not_recommended_reviews/la-fusi%C3%B3n-san-francisco-2?not_recommended_start=50
196,http://www.yelp.com/not_recommended_reviews/la-fusi%C3%B3n-san-francisco-2?not_recommended_start=60
197,http://www.yelp.com/not_recommended_reviews/la-fusi%C3%B3n-san-francisco-2?not_recommended_start=70
198,http://www.yelp.com/not_recommended_reviews/la-fusi%C3%B3n-san-francisco-2?not_recommended_start=80
199,http://www.yelp.com/not_recommended_reviews/la-fusi%C3%B3n-san-francisco-2?not_recommended_start=90
200,http://www.yelp.com/not_recommended_reviews/lol%C3%B3-san-francisco-4?not_recommended_start=0
201,http://www.yelp.com/not_recommended_reviews/lol%C3%B3-san-francisco-4?not_recommended_start=10
202,http://www.yelp.com/not_recommended_reviews/lol%C3%B3-san-francisco-4?not_recommended_start=20
203,http://www.yelp.com/not_recommended_reviews/lol%C3%B3-san-francisco-4?not_recommended_start=30
204,http://www.yelp.com/not_recommended_reviews/lol%C3%B3-san-francisco-4?not_recommended_start=40
205,http://www.yelp.com/not_recommended_reviews/lol%C3%B3-san-francisco-4?not_recommended_start=50
206,http://www.yelp.com/not_recommended_reviews/lol%C3%B3-san-francisco-4?not_recommended_start=60
207,http://www.yelp.com/not_recommended_reviews/lol%C3%B3-san-francisco-4?not_recommended_start=70
208,http://www.yelp.com/not_recommended_reviews/lol%C3%B3-san-francisco-4?not_recommended_start=80
209,http://www.yelp.com/not_recommended_reviews/lol%C3%B3-san-francisco-4?not_recommended_start=90
210,http://www.yelp.com/not_recommended_reviews/nopa-san-francisco?not_recommended_start=0
211,http://www.yelp.com/not_recommended_reviews/nopa-san-francisco?not_recommended_start=10
212,http://www.yelp.com/not_recommended_reviews/nopa-san-francisco?not_recommended_start=20
213,http://www.yelp.com/not_recommended_reviews/nopa-san-francisco?not_recommended_start=30
214,http://www.yelp.com/not_recommended_reviews/nopa-san-francisco?not_recommended_start=40
215,http://www.yelp.com/not_recommended_reviews/nopa-san-francisco?not_recommended_start=50
216,http://www.yelp.com/not_recommended_reviews/nopa-san-francisco?not_recommended_start=60
217,http://www.yelp.com/not_recommended_reviews/nopa-san-francisco?not_recommended_start=70
218,http://www.yelp.com/not_recommended_reviews/nopa-san-francisco?not_recommended_start=80
219,http://www.yelp.com/not_recommended_reviews/nopa-san-francisco?not_recommended_start=90
220,http://www.yelp.com/not_recommended_reviews/ikes-place-san-francisco?not_recommended_start=0
221,http://www.yelp.com/not_recommended_reviews/ikes-place-san-francisco?not_recommended_start=10
222,http://www.yelp.com/not_recommended_reviews/ikes-place-san-francisco?not_recommended_start=20
223,http://www.yelp.com/not_recommended_reviews/ikes-place-san-francisco?not_recommended_start=30
224,http://www.yelp.com/not_recommended_reviews/ikes-place-san-francisco?not_recommended_start=40
225,http://www.yelp.com/not_recommended_reviews/ikes-place-san-francisco?not_recommended_start=50
226,http://www.yelp.com/not_recommended_reviews/ikes-place-san-francisco?not_recommended_start=60
227,http://www.yelp.com/not_recommended_reviews/ikes-place-san-francisco?not_recommended_start=70
228,http://www.yelp.com/not_recommended_reviews/ikes-place-san-francisco?not_recommended_start=80
229,http://www.yelp.com/not_recommended_reviews/ikes-place-san-francisco?not_recommended_start=90
230,http://www.yelp.com/not_recommended_reviews/the-italian-homemade-company-san-francisco-4?not_recommended_start=0
231,http://www.yelp.com/not_recommended_reviews/the-italian-homemade-company-san-francisco-4?not_recommended_start=10
232,http://www.yelp.com/not_recommended_reviews/the-italian-homemade-company-san-francisco-4?not_recommended_start=20
233,http://www.yelp.com/not_recommended_reviews/the-italian-homemade-company-san-francisco-4?not_recommended_start=30
234,http://www.yelp.com/not_recommended_reviews/the-italian-homemade-company-san-francisco-4?not_recommended_start=40
235,http://www.yelp.com/not_recommended_reviews/the-italian-homemade-company-san-francisco-4?not_recommended_start=50
236,http://www.yelp.com/not_recommended_reviews/the-italian-homemade-company-san-francisco-4?not_recommended_start=60
237,http://www.yelp.com/not_recommended_reviews/the-italian-homemade-company-san-francisco-4?not_recommended_start=70
238,http://www.yelp.com/not_recommended_reviews/the-italian-homemade-company-san-francisco-4?not_recommended_start=80
239,http://www.yelp.com/not_recommended_reviews/the-italian-homemade-company-san-francisco-4?not_recommended_start=90
240,http://www.yelp.com/not_recommended_reviews/hopwater-distribution-san-francisco?not_recommended_start=0
241,http://www.yelp.com/not_recommended_reviews/hopwater-distribution-san-francisco?not_recommended_start=10
242,http://www.yelp.com/not_recommended_reviews/hopwater-distribution-san-francisco?not_recommended_start=20
243,http://www.yelp.com/not_recommended_reviews/hopwater-distribution-san-francisco?not_recommended_start=30
244,http://www.yelp.com/not_recommended_reviews/hopwater-distribution-san-francisco?not_recommended_start=40
245,http://www.yelp.com/not_recommended_reviews/hopwater-distribution-san-francisco?not_recommended_start=50
246,http://www.yelp.com/not_recommended_reviews/hopwater-distribution-san-francisco?not_recommended_start=60
247,http://www.yelp.com/not_recommended_reviews/hopwater-distribution-san-francisco?not_recommended_start=70
248,http://www.yelp.com/not_recommended_reviews/hopwater-distribution-san-francisco?not_recommended_start=80
249,http://www.yelp.com/not_recommended_reviews/hopwater-distribution-san-francisco?not_recommended_start=90
250,http://www.yelp.com/not_recommended_reviews/lord-george-san-francisco?not_recommended_start=0
251,http://www.yelp.com/not_recommended_reviews/lord-george-san-francisco?not_recommended_start=10
252,http://www.yelp.com/not_recommended_reviews/lord-george-san-francisco?not_recommended_start=20
253,http://www.yelp.com/not_recommended_reviews/lord-george-san-francisco?not_recommended_start=30
254,http://www.yelp.com/not_recommended_reviews/lord-george-san-francisco?not_recommended_start=40
255,http://www.yelp.com/not_recommended_reviews/lord-george-san-francisco?not_recommended_start=50
256,http://www.yelp.com/not_recommended_reviews/lord-george-san-francisco?not_recommended_start=60
257,http://www.yelp.com/not_recommended_reviews/lord-george-san-francisco?not_recommended_start=70
258,http://www.yelp.com/not_recommended_reviews/lord-george-san-francisco?not_recommended_start=80
259,http://www.yelp.com/not_recommended_reviews/lord-george-san-francisco?not_recommended_start=90
260,http://www.yelp.com/not_recommended_reviews/brew-bros-cafe-san-francisco-2?not_recommended_start=0
261,http://www.yelp.com/not_recommended_reviews/brew-bros-cafe-san-francisco-2?not_recommended_start=10
262,http://www.yelp.com/not_recommended_reviews/brew-bros-cafe-san-francisco-2?not_recommended_start=20
263,http://www.yelp.com/not_recommended_reviews/brew-bros-cafe-san-francisco-2?not_recommended_start=30
264,http://www.yelp.com/not_recommended_reviews/brew-bros-cafe-san-francisco-2?not_recommended_start=40
265,http://www.yelp.com/not_recommended_reviews/brew-bros-cafe-san-francisco-2?not_recommended_start=50
266,http://www.yelp.com/not_recommended_reviews/brew-bros-cafe-san-francisco-2?not_recommended_start=60
267,http://www.yelp.com/not_recommended_reviews/brew-bros-cafe-san-francisco-2?not_recommended_start=70
268,http://www.yelp.com/not_recommended_reviews/brew-bros-cafe-san-francisco-2?not_recommended_start=80
269,http://www.yelp.com/not_recommended_reviews/brew-bros-cafe-san-francisco-2?not_recommended_start=90
270,http://www.yelp.com/not_recommended_reviews/birba-san-francisco?not_recommended_start=0
271,http://www.yelp.com/not_recommended_reviews/birba-san-francisco?not_recommended_start=10
272,http://www.yelp.com/not_recommended_reviews/birba-san-francisco?not_recommended_start=20
273,http://www.yelp.com/not_recommended_reviews/birba-san-francisco?not_recommended_start=30
274,http://www.yelp.com/not_recommended_reviews/birba-san-francisco?not_recommended_start=40
275,http://www.yelp.com/not_recommended_reviews/birba-san-francisco?not_recommended_start=50
276,http://www.yelp.com/not_recommended_reviews/birba-san-francisco?not_recommended_start=60
277,http://www.yelp.com/not_recommended_reviews/birba-san-francisco?not_recommended_start=70
278,http://www.yelp.com/not_recommended_reviews/birba-san-francisco?not_recommended_start=80
279,http://www.yelp.com/not_recommended_reviews/birba-san-francisco?not_recommended_start=90
280,http://www.yelp.com/not_recommended_reviews/mensho-tokyo-san-francisco-2?not_recommended_start=0
281,http://www.yelp.com/not_recommended_reviews/mensho-tokyo-san-francisco-2?not_recommended_start=10
282,http://www.yelp.com/not_recommended_reviews/mensho-tokyo-san-francisco-2?not_recommended_start=20
283,http://www.yelp.com/not_recommended_reviews/mensho-tokyo-san-francisco-2?not_recommended_start=30
284,http://www.yelp.com/not_recommended_reviews/mensho-tokyo-san-francisco-2?not_recommended_start=40
285,http://www.yelp.com/not_recommended_reviews/mensho-tokyo-san-francisco-2?not_recommended_start=50
286,http://www.yelp.com/not_recommended_reviews/mensho-tokyo-san-francisco-2?not_recommended_start=60
287,http://www.yelp.com/not_recommended_reviews/mensho-tokyo-san-francisco-2?not_recommended_start=70
288,http://www.yelp.com/not_recommended_reviews/mensho-tokyo-san-francisco-2?not_recommended_start=80
289,http://www.yelp.com/not_recommended_reviews/mensho-tokyo-san-francisco-2?not_recommended_start=90
290,http://www.yelp.com/not_recommended_reviews/hrd-san-francisco-2?not_recommended_start=0
291,http://www.yelp.com/not_recommended_reviews/hrd-san-francisco-2?not_recommended_start=10
292,http://www.yelp.com/not_recommended_reviews/hrd-san-francisco-2?not_recommended_start=20
293,http://www.yelp.com/not_recommended_reviews/hrd-san-francisco-2?not_recommended_start=30
294,http://www.yelp.com/not_recommended_reviews/hrd-san-francisco-2?not_recommended_start=40
295,http://www.yelp.com/not_recommended_reviews/hrd-san-francisco-2?not_recommended_start=50
296,http://www.yelp.com/not_recommended_reviews/hrd-san-francisco-2?not_recommended_start=60
297,http://www.yelp.com/not_recommended_reviews/hrd-san-francisco-2?not_recommended_start=70
298,http://www.yelp.com/not_recommended_reviews/hrd-san-francisco-2?not_recommended_start=80
299,http://www.yelp.com/not_recommended_reviews/hrd-san-francisco-2?not_recommended_start=90
300,http://www.yelp.com/not_recommended_reviews/stones-throw-san-francisco-2?search_key=87727?not_recommended_start=0
301,http://www.yelp.com/not_recommended_reviews/stones-throw-san-francisco-2?search_key=87727?not_recommended_start=10
302,http://www.yelp.com/not_recommended_reviews/stones-throw-san-francisco-2?search_key=87727?not_recommended_start=20
303,http://www.yelp.com/not_recommended_reviews/stones-throw-san-francisco-2?search_key=87727?not_recommended_start=30
304,http://www.yelp.com/not_recommended_reviews/stones-throw-san-francisco-2?search_key=87727?not_recommended_start=40
305,http://www.yelp.com/not_recommended_reviews/stones-throw-san-francisco-2?search_key=87727?not_recommended_start=50
306,http://www.yelp.com/not_recommended_reviews/stones-throw-san-francisco-2?search_key=87727?not_recommended_start=60
307,http://www.yelp.com/not_recommended_reviews/stones-throw-san-francisco-2?search_key=87727?not_recommended_start=70
308,http://www.yelp.com/not_recommended_reviews/stones-throw-san-francisco-2?search_key=87727?not_recommended_start=80
309,http://www.yelp.com/not_recommended_reviews/stones-throw-san-francisco-2?search_key=87727?not_recommended_start=90
310,http://www.yelp.com/not_recommended_reviews/kitchen-story-san-francisco?search_key=87727?not_recommended_start=0
311,http://www.yelp.com/not_recommended_reviews/kitchen-story-san-francisco?search_key=87727?not_recommended_start=10
312,http://www.yelp.com/not_recommended_reviews/kitchen-story-san-francisco?search_key=87727?not_recommended_start=20
313,http://www.yelp.com/not_recommended_reviews/kitchen-story-san-francisco?search_key=87727?not_recommended_start=30
314,http://www.yelp.com/not_recommended_reviews/kitchen-story-san-francisco?search_key=87727?not_recommended_start=40
315,http://www.yelp.com/not_recommended_reviews/kitchen-story-san-francisco?search_key=87727?not_recommended_start=50
316,http://www.yelp.com/not_recommended_reviews/kitchen-story-san-francisco?search_key=87727?not_recommended_start=60
317,http://www.yelp.com/not_recommended_reviews/kitchen-story-san-francisco?search_key=87727?not_recommended_start=70
318,http://www.yelp.com/not_recommended_reviews/kitchen-story-san-francisco?search_key=87727?not_recommended_start=80
319,http://www.yelp.com/not_recommended_reviews/kitchen-story-san-francisco?search_key=87727?not_recommended_start=90
320,http://www.yelp.com/not_recommended_reviews/ijji-sushi-san-francisco?search_key=87727?not_recommended_start=0
321,http://www.yelp.com/not_recommended_reviews/ijji-sushi-san-francisco?search_key=87727?not_recommended_start=10
322,http://www.yelp.com/not_recommended_reviews/ijji-sushi-san-francisco?search_key=87727?not_recommended_start=20
323,http://www.yelp.com/not_recommended_reviews/ijji-sushi-san-francisco?search_key=87727?not_recommended_start=30
324,http://www.yelp.com/not_recommended_reviews/ijji-sushi-san-francisco?search_key=87727?not_recommended_start=40
325,http://www.yelp.com/not_recommended_reviews/ijji-sushi-san-francisco?search_key=87727?not_recommended_start=50
326,http://www.yelp.com/not_recommended_reviews/ijji-sushi-san-francisco?search_key=87727?not_recommended_start=60
327,http://www.yelp.com/not_recommended_reviews/ijji-sushi-san-francisco?search_key=87727?not_recommended_start=70
328,http://www.yelp.com/not_recommended_reviews/ijji-sushi-san-francisco?search_key=87727?not_recommended_start=80
329,http://www.yelp.com/not_recommended_reviews/ijji-sushi-san-francisco?search_key=87727?not_recommended_start=90
330,http://www.yelp.com/not_recommended_reviews/garaje-san-francisco?search_key=87727?not_recommended_start=0
331,http://www.yelp.com/not_recommended_reviews/garaje-san-francisco?search_key=87727?not_recommended_start=10
332,http://www.yelp.com/not_recommended_reviews/garaje-san-francisco?search_key=87727?not_recommended_start=20
333,http://www.yelp.com/not_recommended_reviews/garaje-san-francisco?search_key=87727?not_recommended_start=30
334,http://www.yelp.com/not_recommended_reviews/garaje-san-francisco?search_key=87727?not_recommended_start=40
335,http://www.yelp.com/not_recommended_reviews/garaje-san-francisco?search_key=87727?not_recommended_start=50
336,http://www.yelp.com/not_recommended_reviews/garaje-san-francisco?search_key=87727?not_recommended_start=60
337,http://www.yelp.com/not_recommended_reviews/garaje-san-francisco?search_key=87727?not_recommended_start=70
338,http://www.yelp.com/not_recommended_reviews/garaje-san-francisco?search_key=87727?not_recommended_start=80
339,http://www.yelp.com/not_recommended_reviews/garaje-san-francisco?search_key=87727?not_recommended_start=90
340,http://www.yelp.com/not_recommended_reviews/the-italian-homemade-company-san-francisco-6?search_key=87727?not_recommended_start=0
341,http://www.yelp.com/not_recommended_reviews/the-italian-homemade-company-san-francisco-6?search_key=87727?not_recommended_start=10
342,http://www.yelp.com/not_recommended_reviews/the-italian-homemade-company-san-francisco-6?search_key=87727?not_recommended_start=20
343,http://www.yelp.com/not_recommended_reviews/the-italian-homemade-company-san-francisco-6?search_key=87727?not_recommended_start=30
344,http://www.yelp.com/not_recommended_reviews/the-italian-homemade-company-san-francisco-6?search_key=87727?not_recommended_start=40
345,http://www.yelp.com/not_recommended_reviews/the-italian-homemade-company-san-francisco-6?search_key=87727?not_recommended_start=50
346,http://www.yelp.com/not_recommended_reviews/the-italian-homemade-company-san-francisco-6?search_key=87727?not_recommended_start=60
347,http://www.yelp.com/not_recommended_reviews/the-italian-homemade-company-san-francisco-6?search_key=87727?not_recommended_start=70
348,http://www.yelp.com/not_recommended_reviews/the-italian-homemade-company-san-francisco-6?search_key=87727?not_recommended_start=80
349,http://www.yelp.com/not_recommended_reviews/the-italian-homemade-company-san-francisco-6?search_key=87727?not_recommended_start=90
350,http://www.yelp.com/not_recommended_reviews/red-hill-station-san-francisco?search_key=87727?not_recommended_start=0
351,http://www.yelp.com/not_recommended_reviews/red-hill-station-san-francisco?search_key=87727?not_recommended_start=10
352,http://www.yelp.com/not_recommended_reviews/red-hill-station-san-francisco?search_key=87727?not_recommended_start=20
353,http://www.yelp.com/not_recommended_reviews/red-hill-station-san-francisco?search_key=87727?not_recommended_start=30
354,http://www.yelp.com/not_recommended_reviews/red-hill-station-san-francisco?search_key=87727?not_recommended_start=40
355,http://www.yelp.com/not_recommended_reviews/red-hill-station-san-francisco?search_key=87727?not_recommended_start=50
356,http://www.yelp.com/not_recommended_reviews/red-hill-station-san-francisco?search_key=87727?not_recommended_start=60
357,http://www.yelp.com/not_recommended_reviews/red-hill-station-san-francisco?search_key=87727?not_recommended_start=70
358,http://www.yelp.com/not_recommended_reviews/red-hill-station-san-francisco?search_key=87727?not_recommended_start=80
359,http://www.yelp.com/not_recommended_reviews/red-hill-station-san-francisco?search_key=87727?not_recommended_start=90
360,http://www.yelp.com/not_recommended_reviews/firefly-restaurant-san-francisco-4?search_key=87727?not_recommended_start=0
361,http://www.yelp.com/not_recommended_reviews/firefly-restaurant-san-francisco-4?search_key=87727?not_recommended_start=10
362,http://www.yelp.com/not_recommended_reviews/firefly-restaurant-san-francisco-4?search_key=87727?not_recommended_start=20
363,http://www.yelp.com/not_recommended_reviews/firefly-restaurant-san-francisco-4?search_key=87727?not_recommended_start=30
364,http://www.yelp.com/not_recommended_reviews/firefly-restaurant-san-francisco-4?search_key=87727?not_recommended_start=40
365,http://www.yelp.com/not_recommended_reviews/firefly-restaurant-san-francisco-4?search_key=87727?not_recommended_start=50
366,http://www.yelp.com/not_recommended_reviews/firefly-restaurant-san-francisco-4?search_key=87727?not_recommended_start=60
367,http://www.yelp.com/not_recommended_reviews/firefly-restaurant-san-francisco-4?search_key=87727?not_recommended_start=70
368,http://www.yelp.com/not_recommended_reviews/firefly-restaurant-san-francisco-4?search_key=87727?not_recommended_start=80
369,http://www.yelp.com/not_recommended_reviews/firefly-restaurant-san-francisco-4?search_key=87727?not_recommended_start=90
370,http://www.yelp.com/not_recommended_reviews/old-skool-cafe-san-francisco?search_key=87727?not_recommended_start=0
371,http://www.yelp.com/not_recommended_reviews/old-skool-cafe-san-francisco?search_key=87727?not_recommended_start=10
372,http://www.yelp.com/not_recommended_reviews/old-skool-cafe-san-francisco?search_key=87727?not_recommended_start=20
373,http://www.yelp.com/not_recommended_reviews/old-skool-cafe-san-francisco?search_key=87727?not_recommended_start=30
374,http://www.yelp.com/not_recommended_reviews/old-skool-cafe-san-francisco?search_key=87727?not_recommended_start=40
375,http://www.yelp.com/not_recommended_reviews/old-skool-cafe-san-francisco?search_key=87727?not_recommended_start=50
376,http://www.yelp.com/not_recommended_reviews/old-skool-cafe-san-francisco?search_key=87727?not_recommended_start=60
377,http://www.yelp.com/not_recommended_reviews/old-skool-cafe-san-francisco?search_key=87727?not_recommended_start=70
378,http://www.yelp.com/not_recommended_reviews/old-skool-cafe-san-francisco?search_key=87727?not_recommended_start=80
379,http://www.yelp.com/not_recommended_reviews/old-skool-cafe-san-francisco?search_key=87727?not_recommended_start=90
380,http://www.yelp.com/not_recommended_reviews/fat-angel-san-francisco?search_key=87727?not_recommended_start=0
381,http://www.yelp.com/not_recommended_reviews/fat-angel-san-francisco?search_key=87727?not_recommended_start=10
382,http://www.yelp.com/not_recommended_reviews/fat-angel-san-francisco?search_key=87727?not_recommended_start=20
383,http://www.yelp.com/not_recommended_reviews/fat-angel-san-francisco?search_key=87727?not_recommended_start=30
384,http://www.yelp.com/not_recommended_reviews/fat-angel-san-francisco?search_key=87727?not_recommended_start=40
385,http://www.yelp.com/not_recommended_reviews/fat-angel-san-francisco?search_key=87727?not_recommended_start=50
386,http://www.yelp.com/not_recommended_reviews/fat-angel-san-francisco?search_key=87727?not_recommended_start=60
387,http://www.yelp.com/not_recommended_reviews/fat-angel-san-francisco?search_key=87727?not_recommended_start=70
388,http://www.yelp.com/not_recommended_reviews/fat-angel-san-francisco?search_key=87727?not_recommended_start=80
389,http://www.yelp.com/not_recommended_reviews/fat-angel-san-francisco?search_key=87727?not_recommended_start=90
390,http://www.yelp.com/not_recommended_reviews/frances-san-francisco?search_key=87727?not_recommended_start=0
391,http://www.yelp.com/not_recommended_reviews/frances-san-francisco?search_key=87727?not_recommended_start=10
392,http://www.yelp.com/not_recommended_reviews/frances-san-francisco?search_key=87727?not_recommended_start=20
393,http://www.yelp.com/not_recommended_reviews/frances-san-francisco?search_key=87727?not_recommended_start=30
394,http://www.yelp.com/not_recommended_reviews/frances-san-francisco?search_key=87727?not_recommended_start=40
395,http://www.yelp.com/not_recommended_reviews/frances-san-francisco?search_key=87727?not_recommended_start=50
396,http://www.yelp.com/not_recommended_reviews/frances-san-francisco?search_key=87727?not_recommended_start=60
397,http://www.yelp.com/not_recommended_reviews/frances-san-francisco?search_key=87727?not_recommended_start=70
398,http://www.yelp.com/not_recommended_reviews/frances-san-francisco?search_key=87727?not_recommended_start=80
399,http://www.yelp.com/not_recommended_reviews/frances-san-francisco?search_key=87727?not_recommended_start=90
400,http://www.yelp.com/not_recommended_reviews/20-spot-san-francisco?not_recommended_start=0
401,http://www.yelp.com/not_recommended_reviews/20-spot-san-francisco?not_recommended_start=10
402,http://www.yelp.com/not_recommended_reviews/20-spot-san-francisco?not_recommended_start=20
403,http://www.yelp.com/not_recommended_reviews/20-spot-san-francisco?not_recommended_start=30
404,http://www.yelp.com/not_recommended_reviews/20-spot-san-francisco?not_recommended_start=40
405,http://www.yelp.com/not_recommended_reviews/20-spot-san-francisco?not_recommended_start=50
406,http://www.yelp.com/not_recommended_reviews/20-spot-san-francisco?not_recommended_start=60
407,http://www.yelp.com/not_recommended_reviews/20-spot-san-francisco?not_recommended_start=70
408,http://www.yelp.com/not_recommended_reviews/20-spot-san-francisco?not_recommended_start=80
409,http://www.yelp.com/not_recommended_reviews/20-spot-san-francisco?not_recommended_start=90
410,http://www.yelp.com/not_recommended_reviews/bacon-bacon-san-francisco-5?not_recommended_start=0
411,http://www.yelp.com/not_recommended_reviews/bacon-bacon-san-francisco-5?not_recommended_start=10
412,http://www.yelp.com/not_recommended_reviews/bacon-bacon-san-francisco-5?not_recommended_start=20
413,http://www.yelp.com/not_recommended_reviews/bacon-bacon-san-francisco-5?not_recommended_start=30
414,http://www.yelp.com/not_recommended_reviews/bacon-bacon-san-francisco-5?not_recommended_start=40
415,http://www.yelp.com/not_recommended_reviews/bacon-bacon-san-francisco-5?not_recommended_start=50
416,http://www.yelp.com/not_recommended_reviews/bacon-bacon-san-francisco-5?not_recommended_start=60
417,http://www.yelp.com/not_recommended_reviews/bacon-bacon-san-francisco-5?not_recommended_start=70
418,http://www.yelp.com/not_recommended_reviews/bacon-bacon-san-francisco-5?not_recommended_start=80
419,http://www.yelp.com/not_recommended_reviews/bacon-bacon-san-francisco-5?not_recommended_start=90
420,http://www.yelp.com/not_recommended_reviews/the-flying-falafel-san-francisco-3?not_recommended_start=0
421,http://www.yelp.com/not_recommended_reviews/the-flying-falafel-san-francisco-3?not_recommended_start=10
422,http://www.yelp.com/not_recommended_reviews/the-flying-falafel-san-francisco-3?not_recommended_start=20
423,http://www.yelp.com/not_recommended_reviews/the-flying-falafel-san-francisco-3?not_recommended_start=30
424,http://www.yelp.com/not_recommended_reviews/the-flying-falafel-san-francisco-3?not_recommended_start=40
425,http://www.yelp.com/not_recommended_reviews/the-flying-falafel-san-francisco-3?not_recommended_start=50
426,http://www.yelp.com/not_recommended_reviews/the-flying-falafel-san-francisco-3?not_recommended_start=60
427,http://www.yelp.com/not_recommended_reviews/the-flying-falafel-san-francisco-3?not_recommended_start=70
428,http://www.yelp.com/not_recommended_reviews/the-flying-falafel-san-francisco-3?not_recommended_start=80
429,http://www.yelp.com/not_recommended_reviews/the-flying-falafel-san-francisco-3?not_recommended_start=90
430,http://www.yelp.com/not_recommended_reviews/zazie-san-francisco?not_recommended_start=0
431,http://www.yelp.com/not_recommended_reviews/zazie-san-francisco?not_recommended_start=10
432,http://www.yelp.com/not_recommended_reviews/zazie-san-francisco?not_recommended_start=20
433,http://www.yelp.com/not_recommended_reviews/zazie-san-francisco?not_recommended_start=30
434,http://www.yelp.com/not_recommended_reviews/zazie-san-francisco?not_recommended_start=40
435,http://www.yelp.com/not_recommended_reviews/zazie-san-francisco?not_recommended_start=50
436,http://www.yelp.com/not_recommended_reviews/zazie-san-francisco?not_recommended_start=60
437,http://www.yelp.com/not_recommended_reviews/zazie-san-francisco?not_recommended_start=70
438,http://www.yelp.com/not_recommended_reviews/zazie-san-francisco?not_recommended_start=80
439,http://www.yelp.com/not_recommended_reviews/zazie-san-francisco?not_recommended_start=90
440,http://www.yelp.com/not_recommended_reviews/street-taco-san-francisco?not_recommended_start=0
441,http://www.yelp.com/not_recommended_reviews/street-taco-san-francisco?not_recommended_start=10
442,http://www.yelp.com/not_recommended_reviews/street-taco-san-francisco?not_recommended_start=20
443,http://www.yelp.com/not_recommended_reviews/street-taco-san-francisco?not_recommended_start=30
444,http://www.yelp.com/not_recommended_reviews/street-taco-san-francisco?not_recommended_start=40
445,http://www.yelp.com/not_recommended_reviews/street-taco-san-francisco?not_recommended_start=50
446,http://www.yelp.com/not_recommended_reviews/street-taco-san-francisco?not_recommended_start=60
447,http://www.yelp.com/not_recommended_reviews/street-taco-san-francisco?not_recommended_start=70
448,http://www.yelp.com/not_recommended_reviews/street-taco-san-francisco?not_recommended_start=80
449,http://www.yelp.com/not_recommended_reviews/street-taco-san-francisco?not_recommended_start=90
450,http://www.yelp.com/not_recommended_reviews/paprika-san-francisco?not_recommended_start=0
451,http://www.yelp.com/not_recommended_reviews/paprika-san-francisco?not_recommended_start=10
452,http://www.yelp.com/not_recommended_reviews/paprika-san-francisco?not_recommended_start=20
453,http://www.yelp.com/not_recommended_reviews/paprika-san-francisco?not_recommended_start=30
454,http://www.yelp.com/not_recommended_reviews/paprika-san-francisco?not_recommended_start=40
455,http://www.yelp.com/not_recommended_reviews/paprika-san-francisco?not_recommended_start=50
456,http://www.yelp.com/not_recommended_reviews/paprika-san-francisco?not_recommended_start=60
457,http://www.yelp.com/not_recommended_reviews/paprika-san-francisco?not_recommended_start=70
458,http://www.yelp.com/not_recommended_reviews/paprika-san-francisco?not_recommended_start=80
459,http://www.yelp.com/not_recommended_reviews/paprika-san-francisco?not_recommended_start=90
460,http://www.yelp.com/not_recommended_reviews/pianofight-san-francisco?not_recommended_start=0
461,http://www.yelp.com/not_recommended_reviews/pianofight-san-francisco?not_recommended_start=10
462,http://www.yelp.com/not_recommended_reviews/pianofight-san-francisco?not_recommended_start=20
463,http://www.yelp.com/not_recommended_reviews/pianofight-san-francisco?not_recommended_start=30
464,http://www.yelp.com/not_recommended_reviews/pianofight-san-francisco?not_recommended_start=40
465,http://www.yelp.com/not_recommended_reviews/pianofight-san-francisco?not_recommended_start=50
466,http://www.yelp.com/not_recommended_reviews/pianofight-san-francisco?not_recommended_start=60
467,http://www.yelp.com/not_recommended_reviews/pianofight-san-francisco?not_recommended_start=70
468,http://www.yelp.com/not_recommended_reviews/pianofight-san-francisco?not_recommended_start=80
469,http://www.yelp.com/not_recommended_reviews/pianofight-san-francisco?not_recommended_start=90
470,http://www.yelp.com/not_recommended_reviews/rustys-southern-san-francisco?not_recommended_start=0
471,http://www.yelp.com/not_recommended_reviews/rustys-southern-san-francisco?not_recommended_start=10
472,http://www.yelp.com/not_recommended_reviews/rustys-southern-san-francisco?not_recommended_start=20
473,http://www.yelp.com/not_recommended_reviews/rustys-southern-san-francisco?not_recommended_start=30
474,http://www.yelp.com/not_recommended_reviews/rustys-southern-san-francisco?not_recommended_start=40
475,http://www.yelp.com/not_recommended_reviews/rustys-southern-san-francisco?not_recommended_start=50
476,http://www.yelp.com/not_recommended_reviews/rustys-southern-san-francisco?not_recommended_start=60
477,http://www.yelp.com/not_recommended_reviews/rustys-southern-san-francisco?not_recommended_start=70
478,http://www.yelp.com/not_recommended_reviews/rustys-southern-san-francisco?not_recommended_start=80
479,http://www.yelp.com/not_recommended_reviews/rustys-southern-san-francisco?not_recommended_start=90
480,http://www.yelp.com/not_recommended_reviews/bite-san-francisco?not_recommended_start=0
481,http://www.yelp.com/not_recommended_reviews/bite-san-francisco?not_recommended_start=10
482,http://www.yelp.com/not_recommended_reviews/bite-san-francisco?not_recommended_start=20
483,http://www.yelp.com/not_recommended_reviews/bite-san-francisco?not_recommended_start=30
484,http://www.yelp.com/not_recommended_reviews/bite-san-francisco?not_recommended_start=40
485,http://www.yelp.com/not_recommended_reviews/bite-san-francisco?not_recommended_start=50
486,http://www.yelp.com/not_recommended_reviews/bite-san-francisco?not_recommended_start=60
487,http://www.yelp.com/not_recommended_reviews/bite-san-francisco?not_recommended_start=70
488,http://www.yelp.com/not_recommended_reviews/bite-san-francisco?not_recommended_start=80
489,http://www.yelp.com/not_recommended_reviews/bite-san-francisco?not_recommended_start=90
490,http://www.yelp.com/not_recommended_reviews/beretta-san-francisco?not_recommended_start=0
491,http://www.yelp.com/not_recommended_reviews/beretta-san-francisco?not_recommended_start=10
492,http://www.yelp.com/not_recommended_reviews/beretta-san-francisco?not_recommended_start=20
493,http://www.yelp.com/not_recommended_reviews/beretta-san-francisco?not_recommended_start=30
494,http://www.yelp.com/not_recommended_reviews/beretta-san-francisco?not_recommended_start=40
495,http://www.yelp.com/not_recommended_reviews/beretta-san-francisco?not_recommended_start=50
496,http://www.yelp.com/not_recommended_reviews/beretta-san-francisco?not_recommended_start=60
497,http://www.yelp.com/not_recommended_reviews/beretta-san-francisco?not_recommended_start=70
498,http://www.yelp.com/not_recommended_reviews/beretta-san-francisco?not_recommended_start=80
499,http://www.yelp.com/not_recommended_reviews/beretta-san-francisco?not_recommended_start=90
